,MDR,Mono,Pre-XDR
1532777-T-C-missense_variant-PPE19-p.Gln286Arg,181,56,169
1673425-C-T-intragenic_variant-gene223-,115,170,240
1983235-T-G-missense_variant-PPE24-p.Asn514Thr,79,87,98
673564-C-T-missense_variant-PE_PGRS7-p.Ala785Thr,70,101,111
2867483-G-C-missense_variant-lppB-p.Met120Ile,231,40,294
3310427-T-C-intragenic_variant-gene223-,77,118,128
2774555-T-C-missense_variant-aglA-p.Val331Ala,78,121,128
996346-G-A-intragenic_variant-gene223-,78,121,128
672721-TGCCGCCGCCGCCGCCG-TGCCGCCGCCGCCGCCGCCG-conservative_inframe_insertion-PE_PGRS7-p.Ala1060dup,88,103,98
401318-A-G-missense_variant-Rv0336-p.Tyr376Cys,290,99,388
3927595-G-A-missense_variant-PE_PGRS53-p.Ala343Thr,95,105,105
2802041-C-T-missense_variant-PE_PGRS43-p.Gly1399Asp,75,87,115
623558-AACGGCGGCGACGGCGGCGTCGGCGGCGACGGCGGCGACGGC-AACGGCGGCGTCGGCGGCGACGGCGGCGACGGC-disruptive_inframe_deletion-PE_PGRS6-p.Asp259_Gly261del,68,89,113
3927605-T-A-missense_variant-PE_PGRS53-p.Met346Lys,96,105,108
3927606-G-A-missense_variant-PE_PGRS53-p.Met346Ile,95,105,109
908186-T-C-missense_variant-Rv0814c-p.Thr100Ala,99,124,128
1955913-CCCGGAAGTCGATGACCGTT-C-frameshift_variant-Rv1730c-p.Thr439fs,87,119,128
840794-A-G-missense_variant-PE_PGRS10-p.Ser782Gly,91,118,119
2536892-T-C-missense_variant-Rv2264c-p.Thr487Ala,90,121,127
1218896-G-A-missense_variant-PE_PGRS22-p.Gly810Ser,91,121,128
2339835-C-T-missense_variant-Rv2082-p.Pro376Leu,87,122,125
2406842-AC-A-frameshift_variant-Rv2147c-p.Val1fs,90,124,128
432536-C-T-missense_variant-PPE8-p.Gly715Asp,91,125,124
2216963-C-G-missense_variant-Rv1972-p.His124Gln,91,125,128
1418863-CGGGAGCCAGGG-CGGGAGCCAGGGAGCCAGGG-frameshift_variant-Rv1269c-p.Ala31fs,90,125,128
1103656-C-T-missense_variant-Rv0987-p.Ala372Val,91,125,125
1105687-T-C-missense_variant-Rv0988-p.Leu191Pro,91,125,128
1105686-C-G-missense_variant-Rv0988-p.Leu191Val,91,125,128
3447293-T-G-intragenic_variant-gene223-,91,124,128
4309927-T-G-missense_variant-Rv3835-p.Leu294Arg,90,124,128
3968006-A-C-missense_variant-Rv3531c-p.Phe313Leu,91,125,128
3542219-G-A-missense_variant-Rv3174-p.Gly28Ser,91,125,128
1697896-C-T-intragenic_variant-gene223-,91,125,128
3916386-G-T-missense_variant-mce4C-p.Arg191Ser,91,125,128
37334-A-T-missense_variant-fadD34-p.Thr26Ser,91,124,128
1111678-G-A-missense_variant-rimJ-p.Gly23Ser,91,125,128
296312-C-T-missense_variant-Rv0245-p.Ser103Phe,91,125,128
542514-C-G-missense_variant-Rv0452-p.His125Asp,91,125,128
2522955-T-G-missense_variant-Rv2248-p.Val199Gly,91,124,128
2318725-C-T-missense_variant-cobN-p.Glu677Lys,92,125,128
2800087-G-A-missense_variant-Rv2488c-p.Thr265Ile,91,124,128
2086672-C-T-missense_variant-glcB-p.Gly104Ser,91,125,128
2225365-T-C-intragenic_variant-gene223-,91,125,128
1286766-G-C-missense_variant-mutT2-p.Gly58Arg,91,125,128
954101-C-T-missense_variant-dapC-p.Ala274Thr,91,125,128
2808452-T-C-missense_variant-vapC38-p.Val48Ala,91,125,128
991896-T-C-missense_variant-Rv0890c-p.Glu234Gly,91,125,128
621598-C-T-missense_variant-Rv0530-p.Pro231Leu,91,124,128
791249-C-T-missense_variant-Rv0691c-p.Ala140Thr,91,125,128
4033577-A-G-missense_variant-Rv3591c-p.Phe156Leu,91,125,128
1148930-C-T-missense_variant-kdpE-p.Gly60Ser,91,125,128
3863138-G-A-missense_variant-esxU-p.Pro43Ser,91,125,128
2069771-C-A-missense_variant-Rv1823-p.Gln24Lys,91,125,128
699840-A-C-intragenic_variant-gene223-,91,125,128
3665753-G-A-missense_variant-sseA-p.Glu276Lys,91,125,128
3024343-G-A-missense_variant-Rv2712c-p.Thr329Ile,91,125,128
2835984-T-C-missense_variant-PE26-p.Val67Ala,91,125,128
3908465-A-G-missense_variant-otsA-p.Glu77Gly,91,125,128
4214988-G-A-intergenic_region-Rv3769-Rv3770c-,91,125,128
1336164-C-T-missense_variant-fadD36-p.Pro124Leu,91,125,128
2082053-A-G-missense_variant-Rv1835c-p.Cys179Arg,91,125,128
1265070-G-T-missense_variant-Rv1138a-p.Gly13Cys,91,125,128
1177157-G-A-intragenic_variant-gene223-,91,125,128
17654-T-G-missense_variant-pknA-p.Gln370Pro,90,125,128
3804299-G-A-missense_variant-htdY-p.Pro165Ser,91,125,128
2067684-G-A-missense_variant-secA2-p.Val410Met,91,125,128
2230045-G-A-missense_variant-Rv1986-p.Cys12Tyr,91,125,128
776182-C-T-missense_variant-mmpL5-p.Asp767Asn,91,125,128
951702-C-T-missense_variant-far-p.Ala24Val,91,124,128
1849934-A-G-missense_variant-lysX-p.Ile701Thr,91,125,128
1526311-G-T-intragenic_variant-gene223-,91,126,128
17657-T-C-missense_variant-pknA-p.Gln369Arg,91,125,128
4204168-T-C-missense_variant-proV-p.Asn84Asp,91,125,128
2364475-T-C-missense_variant-vapC37-p.Thr16Ala,91,125,128
1108521-G-A-intragenic_variant-gene223-,91,125,128
1741352-C-T-missense_variant-ansA-p.Gly281Ser,91,123,128
2442468-C-T-stop_gained-Rv2180c-p.Trp249*,91,125,128
1293333-C-G-missense_variant-narJ-p.Pro179Arg,91,125,128
2703902-CG-CGG-intragenic_variant-gene223-,90,123,128
2320320-C-T-missense_variant-cobN-p.Arg145His,98,125,127
3284640-A-G-missense_variant-fadD28-p.Thr436Ala,98,122,128
2138436-A-G-non_coding_transcript_variant-gene223-,98,125,128
364854-C-G-missense_variant-Rv0302-p.His84Asp,97,125,128
3214869-A-G-missense_variant-lppW-p.Gln81Arg,98,124,128
2316123-C-A-missense_variant-Rv2059-p.Thr317Lys,91,125,128
3048912-C-G-missense_variant-recX-p.Val59Leu,98,124,128
2647905-G-A-missense_variant-Rv2366c-p.Arg155Cys,98,125,128
1706685-C-A-missense_variant-Rv1515c-p.Gly281Val,98,125,128
686264-G-A-missense_variant-Rv0588-p.Ala113Thr,98,125,128
3959730-T-C-missense_variant-ltp3-p.Phe68Leu,98,124,128
4258106-G-A-missense_variant-pks13-p.Thr1014Met,98,125,128
575907-C-T-missense_variant-mshA-p.Ala187Val,98,124,128
3863681-C-G-missense_variant-Rv3446c-p.Arg284Pro,97,125,128
1774659-C-T-intragenic_variant-gene223-,98,125,128
3826501-C-T-missense_variant-vapB47-p.Arg84Cys,98,125,128
3110140-G-T-intragenic_variant-gene223-,98,125,128
840795-G-C-missense_variant-PE_PGRS10-p.Ser782Thr,98,119,123
3761191-A-G-missense_variant-PPE56-p.Val1971Ala,91,126,128
383716-C-T-missense_variant-Rv0315-p.Pro39Ser,99,120,128
4393590-C-G-missense_variant-mutT4-p.Arg48Gly,102,123,128
79480-T-C-intergenic_region-glyA2-Rv0071-,102,124,128
549363-C-G-missense_variant-Rv0457c-p.Arg82Pro,101,125,128
2151222-T-G-missense_variant-Rv1904-p.Leu90Trp,101,125,128
163705-C-T-missense_variant-cyp138-p.Pro114Ser,102,123,127
3952308-C-A-missense_variant-fadD19-p.Asp55Tyr,102,125,128
4229167-T-C-missense_variant-glfT1-p.Val274Ala,101,125,128
203038-T-C-missense_variant-mce1D-p.Ile188Thr,102,125,128
669033-T-A-missense_variant-Rv0575c-p.Asp238Val,102,124,128
215977-C-T-missense_variant-Rv0185-p.Ala88Val,100,124,128
4116610-G-A-missense_variant-crp-p.Asp45Asn,102,125,128
4256210-G-T-missense_variant-pks13-p.Ala1646Asp,102,124,128
2589036-G-C-missense_variant-uspA-p.Asp67His,102,125,128
773497-C-A-missense_variant-echA4-p.Phe125Leu,102,125,128
4234960-A-C-missense_variant-Rv3788-p.Ile61Leu,102,125,128
3664457-C-A-missense_variant-Rv3282-p.Ala80Asp,102,125,128
1561939-G-C-missense_variant-PPE20-p.Glu57Asp,102,125,128
1076689-A-C-intragenic_variant-gene223-,102,125,128
2809633-A-C-missense_variant-bkdC-p.Tyr103Asp,102,125,128
4221423-C-T-missense_variant-Rv3776-p.Ser112Leu,102,125,128
1576481-T-G-missense_variant-lipI-p.Thr106Pro,101,125,128
4123770-G-A-missense_variant-ponA2-p.Ala619Thr,101,124,128
842030-C-T-intragenic_variant-gene223-,102,125,128
3412611-T-C-missense_variant-nrdE-p.Gln519Arg,100,125,128
4059143-A-C-missense_variant-Rv3618-p.Glu149Ala,102,125,128
3209156-G-A-missense_variant-fdhD-p.Ala84Val,102,125,128
1349733-G-C-missense_variant-fadD6-p.Glu134Asp,102,125,128
3576231-T-C-missense_variant-Rv3201c-p.Gln269Arg,102,125,128
620625-A-G-missense_variant-ccsA-p.Ile245Met,102,125,128
1374201-A-G-intragenic_variant-gene223-,102,125,128
283610-G-A-missense_variant-aftD-p.Ala1081Val,102,124,128
141623-G-A-missense_variant-oxyS-p.Asp142Asn,102,125,128
2346318-G-A-missense_variant-pepE-p.Pro336Leu,102,125,128
2817502-A-C-missense_variant-accD1-p.Phe325Val,102,125,128
96894-C-T-intergenic_region-hycE-Rv0088-,102,125,128
2268433-C-A-non_coding_transcript_variant-gene223-,102,125,128
835611-C-T-missense_variant-Rv0745-p.Thr153Met,102,125,128
533547-C-G-missense_variant-rskA-p.Glu81Asp,102,123,128
163706-C-T-missense_variant-cyp138-p.Pro114Leu,102,125,128
4160371-C-A-missense_variant-recR-p.Gly44Cys,102,125,128
2179825-G-C-missense_variant-Rv1927-p.Glu51Asp,101,125,128
1906078-A-G-missense_variant-moeX-p.Thr277Ala,101,124,128
1215743-C-A-intragenic_variant-gene223-,102,125,128
2794071-G-A-intragenic_variant-gene223-,102,125,128
4311664-C-T-missense_variant-Rv3837c-p.Gly15Asp,102,125,128
1215742-G-A-intragenic_variant-gene223-,102,125,128
3571828-G-C-missense_variant-nudC-p.Pro239Arg,102,125,128
4218416-C-A-missense_variant-Rv3773c-p.Gly137Val,102,125,128
3626562-G-A-missense_variant-mtrB-p.Pro18Ser,102,125,128
1011511-A-C-missense_variant-Rv0907-p.Tyr459Ser,101,125,128
611048-T-G-intragenic_variant-gene223-,102,125,128
561777-C-T-intragenic_variant-gene223-,102,124,128
2627618-C-A-missense_variant-plcC-p.Gly361Cys,101,125,128
694531-A-G-missense_variant-mce2F-p.Asn432Ser,102,125,128
2344499-T-G-missense_variant-pknJ-p.Leu30Arg,102,125,128
3883178-A-C-missense_variant-rmlC-p.Glu115Asp,103,125,128
3976595-G-T-missense_variant-kstD-p.Arg409Ser,102,125,128
2314689-C-A-missense_variant-rpmG1-p.Arg46Leu,102,125,128
561776-C-T-intragenic_variant-gene223-,102,124,128
1669158-T-C-intragenic_variant-gene223-,102,125,128
1576527-G-T-missense_variant-lipI-p.Phe90Leu,102,125,128
1406760-T-TG-frameshift_variant-Rv1258c-p.Glu194fs,102,124,128
2536628-G-GA-frameshift_variant-Rv2264c-p.Pro575fs,101,122,126
2009290-GCCCCC-GCCCC-frameshift_variant-Rv1775-p.Gln42fs,102,125,128
1168009-GCCCCC-GCCCC-frameshift_variant-Rv1045-p.Glu115fs,102,125,128
3174692-ACCCCCC-ACCCCC-intragenic_variant-gene223-,102,125,128
4221070-ACC-AC-intergenic_region-lipE-Rv3776-,102,125,128
3902318-ATT-ATTT-frameshift_variant-Rv3483c-p.Asn165fs,101,125,128
4303498-TG-TGG-frameshift_variant-Rv3829c-p.His504fs,101,125,128
3021892-GTTCGACGACTTCGACGACTTCGACGA-GTTCGACGACTTCGACGA-disruptive_inframe_deletion-Rv2709-p.Phe25_Asp27del,103,125,128
2867458-G-C-missense_variant-lppB-p.Ser112Thr,281,60,389
3949001-G-A-missense_variant-PE_PGRS57-p.Ala1070Thr,249,43,116
2634282-T-G-intragenic_variant-gene223-,364,123,479
103756-G-T-missense_variant-Rv0094c-p.Pro303His,168,128,124
3127931-T-A-missense_variant-Rv2820c-p.Lys114Asn,318,101,450
3798596-A-G-intragenic_variant-gene223-,372,124,480
3482717-A-G-intragenic_variant-gene223-,360,120,475
3737466-AGCCGCTGCCGCCGGCGCCGCCGGCGCCGCCGCCACCGCCGCTGCCGCC-AGCCGCTGCCGCC-conservative_inframe_deletion-PE_PGRS49-p.Gly163_Ala174del,209,109,107
2922848-A-T-missense_variant-PE_PGRS44-p.Gln433Leu,342,113,449
987585-AGGGGGG-AGGGGGGG-frameshift_variant-Rv0888-p.Thr121fs,358,125,479
976897-TGGGGGGGGG-TGGGGGGGGGG-frameshift_variant-PPE13-p.Gln436fs,312,84,265
3841790-A-G-missense_variant-Rv3424c-p.Val96Ala,369,125,480
2867536-C-T-missense_variant-lppB-p.Ala138Val,359,115,470
336081-A-G-missense_variant-Rv0278c-p.Val77Ala,339,120,455
4032218-G-A-missense_variant-PE_PGRS58-p.Ala314Val,354,113,469
2867532-A-G-missense_variant-lppB-p.Ile137Val,366,118,474
3215622-CG-C-intragenic_variant-gene223-,368,124,456
2851161-AAACAT-A-frameshift_variant-vapB17-p.Glu24fs,373,121,469
336560-T-C-splice_region_variant&stop_retained_variant-PE_PGRS4-p.Ter838Ter,375,123,472
2867538-G-A-missense_variant-lppB-p.Ala139Thr,369,121,476
2637162-C-T-intragenic_variant-gene223-,372,125,480
2630740-T-C-missense_variant-plcA-p.Thr446Ala,379,122,479
3375165-A-C-missense_variant-Rv3015c-p.Phe167Cys,369,124,477
4212832-GACCA-GA-disruptive_inframe_deletion-Rv3766-p.Thr181del,373,124,475
2295685-C-A-missense_variant-pks12-p.Val3768Leu,370,124,480
583171-A-C-missense_variant-Rv0492c-p.Ser70Ala,369,121,480
3137736-G-T-missense_variant-echA16-p.Asp156Tyr,374,122,477
2734481-TA-T-frameshift_variant-Rv2437-p.Tyr36fs,376,123,478
1541798-C-T-missense_variant-lprF-p.Ala260Val,379,124,476
3775441-A-C-missense_variant-Rv3365c-p.Ser687Arg,377,122,476
2948230-G-A-missense_variant-Rv2621c-p.Ala110Val,374,123,479
3811675-A-G-intragenic_variant-gene223-,373,125,480
2867880-TA-T-frameshift_variant-vapB18-p.Leu33fs,375,124,477
2273733-TC-T-frameshift_variant-dosT-p.Glu259fs,368,123,474
1722228-A-C-missense_variant-pks5-p.Leu2061Arg,379,125,480
3775409-T-C-missense_variant-Rv3365c-p.Gln698Arg,376,123,477
1620181-C-G-missense_variant-bisC-p.Leu131Val,374,125,480
213281-C-T-missense_variant-sigG-p.Gly287Asp,378,124,479
477234-T-G-missense_variant-Rv0398c-p.Glu29Asp,378,123,478
4174131-G-C-missense_variant-Rv3727-p.Gly393Arg,380,125,480
1361285-C-T-missense_variant-Rv1217c-p.Ala173Thr,378,125,480
4056693-G-T-intragenic_variant-gene223-,380,125,479
2601760-G-A-missense_variant-PE23-p.Ala344Thr,380,125,480
4179832-G-C-missense_variant-Rv3729-p.Gln516His,380,125,479
4359653-C-T-missense_variant-espK-p.Asp44Asn,379,125,479
3678249-A-C-missense_variant-lhr-p.Lys492Thr,378,123,480
1625332-CGGTGGTGGTGGTG-CGGTGGTGGTGGTGGTG-conservative_inframe_insertion-opcA-p.Asp7_Thr8insThr,381,125,480
4133316-A-T-missense_variant-Rv3691-p.Thr267Ser,378,125,478
4041581-C-T-missense_variant-lysS-p.Ala454Thr,379,124,480
972980-C-T-missense_variant-Rv0874c-p.Gly243Ser,378,125,480
1556787-T-C-missense_variant-carA-p.Ser273Pro,379,125,480
4301075-G-C-missense_variant-fadD23-p.Glu422Gln,381,124,480
4267647-T-C-missense_variant-aftB-p.Asp397Gly,380,124,480
3144623-C-T-missense_variant-Rv2837c-p.Ser8Asn,379,125,480
2354791-A-G-missense_variant-pafB-p.Ser174Pro,380,124,479
4167656-A-G-missense_variant-Rv3722c-p.Met158Thr,378,124,480
1955760-CGAAG-CG-conservative_inframe_deletion-Rv1730c-p.Phe495del,379,125,480
2177366-C-T-missense_variant-fadD31-p.Arg94Cys,379,125,480
1322741-A-G-missense_variant-mmpL10-p.Thr408Ala,379,125,480
2793810-C-A-missense_variant-lipQ-p.Arg60Leu,380,125,480
4359828-G-A-intergenic_region-espK-espL-,380,125,480
4284429-G-A-missense_variant-papA2-p.Pro466Leu,380,125,479
3009834-A-G-missense_variant-ceoB-p.Asp164Gly,380,124,479
2142266-C-A-intragenic_variant-gene223-,379,125,480
4120390-G-C-missense_variant-Rv3680-p.Gly199Ala,380,125,480
3200282-C-T-missense_variant-Rv2891-p.Ala6Val,380,124,479
3906311-G-A-missense_variant-lipF-p.Arg233Cys,380,125,480
4205325-A-G-missense_variant-proX-p.Trp17Arg,380,125,480
4340028-G-C-intergenic_region-Rv3863-espE-,380,125,480
3704770-A-G-missense_variant-sdhD-p.Thr112Ala,380,125,480
3010993-C-T-missense_variant-Rv2693c-p.Gly126Arg,381,124,480
707334-T-C-missense_variant-Rv0613c-p.Thr728Ala,379,124,478
4357804-T-G-missense_variant-espK-p.Glu660Ala,380,125,480
4252066-T-C-missense_variant-fadE35-p.Ser328Pro,380,125,480
87468-C-T-missense_variant-Rv0078A-p.Glu112Lys,380,125,479
1695037-G-A-non_coding_transcript_variant-gene223-,380,125,480
3177452-C-A-intragenic_variant-gene223-,380,125,480
2738274-A-C-missense_variant-obg-p.Ser471Arg,379,125,480
2581052-G-A-missense_variant-Rv2308-p.Asp212Asn,380,125,479
1701215-C-T-intragenic_variant-gene223-,380,125,480
267751-G-C-missense_variant-Rv0223c-p.Ala5Gly,380,125,480
2706663-G-T-missense_variant-PE24-p.Gly301Val,380,125,480
2268627-G-C-non_coding_transcript_variant-gene223-,379,125,479
3249025-T-G-missense_variant-ppsA-p.Leu1194Arg,380,125,480
627485-G-A-missense_variant-galE3-p.Val80Ile,378,124,480
940602-C-G-missense_variant-narL-p.Gly169Arg,379,123,480
14861-G-T-missense_variant-Rv0012-p.Gly258Val,380,124,480
1197157-T-G-intragenic_variant-gene223-,380,125,479
3509626-C-A-intragenic_variant-gene223-,380,125,480
3895585-C-T-missense_variant-PPE60-p.Pro387Leu,381,125,480
2294007-T-C-missense_variant-Rv2047c-p.Thr174Ala,380,125,480
4378504-T-C-missense_variant-eccC2-p.Asp650Gly,381,125,480
3970594-C-G-intragenic_variant-gene223-,380,124,480
2850631-T-C-intragenic_variant-gene223-,380,125,480
456594-T-C-missense_variant-Rv0380c-p.Met76Val,379,124,480
861216-T-G-missense_variant-aldA-p.Leu102Arg,380,125,479
2881974-G-A-non_coding_transcript_variant-gene223-,380,125,480
4319985-G-C-intergenic_region-Rv3845-sodA-,380,124,480
1695796-C-T-missense_variant-Rv1505c-p.Ala51Thr,380,124,480
1831220-A-C-missense_variant-polA-p.Thr186Pro,380,125,480
2983873-A-G-intragenic_variant-gene223-,380,125,478
3036826-C-T-missense_variant-fadE20-p.Val156Met,381,125,479
4124349-GCCC-GC-intergenic_region-ponA2-Rv3683-,378,125,480
1617302-G-T-missense_variant-Rv1439c-p.Leu29Ile,380,125,480
2399734-G-A-missense_variant-pyrD-p.Gly339Ser,380,125,479
2337179-C-T-stop_gained-Rv2079-p.Gln609*,380,125,479
1022003-A-C-intragenic_variant-gene223-,380,125,480
1651308-A-G-missense_variant-Rv1463-p.Glu198Gly,380,125,480
1370852-T-G-intragenic_variant-gene223-,380,125,480
2521428-A-G-missense_variant-accD6-p.Asp229Gly,380,125,480
2245864-C-A-missense_variant-Rv2000-p.Pro219Gln,380,124,480
1955941-G-C-missense_variant-Rv1730c-p.Asp435Glu,380,125,480
2510350-C-G-intragenic_variant-gene223-,380,125,480
213147-C-A-missense_variant-sigG-p.Asp332Tyr,380,125,480
1647436-G-A-missense_variant-Rv1461-p.Val150Ile,379,125,479
353309-G-A-missense_variant-eccD3-p.Ser76Asn,381,124,479
2172380-A-C-missense_variant-Rv1920-p.Glu253Ala,380,125,480
3830349-C-T-missense_variant-guaB2-p.Ala391Thr,380,124,479
305188-G-T-missense_variant-nirB-p.Val775Leu,380,125,480
1831226-A-G-missense_variant-polA-p.Arg188Gly,380,125,480
2969197-A-G-intragenic_variant-gene223-,381,125,480
1733325-C-G-missense_variant-Rv1532c-p.Ala76Pro,380,125,480
2692100-C-T-intragenic_variant-gene223-,381,125,480
2097270-C-T-missense_variant-Rv1847-p.Arg132Trp,380,125,479
1678706-A-C-missense_variant-Rv1489-p.Lys52Thr,380,125,480
1967543-C-A-missense_variant-Rv1739c-p.Gly32Val,380,125,480
3643985-A-C-missense_variant-Rv3263-p.Glu270Ala,380,125,480
105139-C-A-missense_variant-Rv0095c-p.Gly26Val,381,125,480
3135606-A-G-intragenic_variant-gene223-,380,125,480
25610-G-C-intergenic_region-fhaA-leuT-,380,125,479
3778011-G-A-missense_variant-spoU-p.Arg92Gln,380,124,480
4115890-G-C-missense_variant-nth-p.Pro2Arg,381,125,480
3993058-G-A-missense_variant-fdxB-p.Gly125Glu,380,125,480
2833329-G-A-missense_variant-Rv2516c-p.Ala62Val,380,125,480
1145848-A-C-missense_variant-eno-p.Lys429Gln,381,125,479
919351-A-C-missense_variant-Rv0825c-p.Phe68Cys,380,125,480
1877744-A-C-missense_variant-pks7-p.Glu814Ala,380,126,480
779615-G-C-missense_variant-Rv0679c-p.Asn142Lys,380,125,478
542014-C-G-intragenic_variant-gene223-,380,125,480
738522-T-G-missense_variant-mmaA2-p.Glu213Asp,380,125,480
3408150-T-C-missense_variant-Rv3047c-p.Thr53Ala,380,125,480
147262-G-T-missense_variant-fusA2-p.Asp170Glu,380,125,480
1034208-CGCTGC-CGC-conservative_inframe_deletion-Rv0927c-p.Ser141del,380,125,480
123454-C-T-stop_gained-Rv0104-p.Gln380*,381,125,479
3577497-C-T-missense_variant-Rv3202c-p.Glu902Lys,380,125,480
484596-C-T-missense_variant-fadD30-p.Pro207Leu,381,125,479
3550347-C-T-intragenic_variant-gene223-,380,125,480
3597249-C-G-missense_variant-Rv3220c-p.Gly96Arg,380,125,479
1885385-T-G-missense_variant-pks8-p.Leu1228Val,380,125,480
44768-A-G-missense_variant-leuS-p.Arg403Gly,379,125,480
379528-G-T-missense_variant-Rv0311-p.Glu119Asp,380,125,480
1594906-G-A-missense_variant-uvrC-p.Val289Ile,380,125,480
3979990-C-G-missense_variant-ltp2-p.Val224Leu,380,125,480
3304966-G-A-missense_variant-Rv2952-p.Gly176Arg,380,125,480
222925-G-A-missense_variant-Rv0191-p.Ala213Thr,380,124,480
99162-TCGGTGTGCGCGG-TCGG-disruptive_inframe_deletion-Rv0090-p.Val230_Gly232del,379,125,477
2072313-C-A-missense_variant-gcvH-p.Thr121Lys,380,125,480
264129-G-A-missense_variant-Rv0221-p.Met21Ile,380,125,480
65150-C-T-stop_gained-Rv0061c-p.Trp67*,380,125,480
799666-A-G-missense_variant-Rv0699-p.Asp13Gly,380,124,479
270430-G-C-missense_variant-Rv0226c-p.Pro379Ala,380,125,480
2315386-C-A-missense_variant-Rv2059-p.His71Gln,380,125,480
1902337-A-C-intragenic_variant-gene223-,380,125,480
36008-G-C-missense_variant-bioF2-p.Asp572His,378,124,480
1172085-C-A-missense_variant-Rv1048c-p.Glu23Asp,380,125,480
3276703-T-G-missense_variant-mas-p.Thr2005Pro,380,125,480
3310626-T-C-intragenic_variant-gene223-,381,125,480
2752122-G-C-missense_variant-rpfE-p.Thr20Arg,380,124,480
640954-A-G-intragenic_variant-gene223-,380,125,480
1711670-C-T-missense_variant-Rv1520-p.Arg215Cys,381,125,480
1201581-A-C-missense_variant-lipU-p.Gln272Pro,381,124,480
139297-G-T-missense_variant-hddA-p.Gly262Val,380,126,480
1688064-A-G-missense_variant-lipL-p.Met42Val,381,125,480
1299305-G-A-missense_variant-PPE17-p.Pro167Leu,380,125,480
798355-G-C-missense_variant-Rv0697-p.Ala475Pro,380,125,480
3542049-G-A-intragenic_variant-gene223-,380,124,480
16119-C-A-missense_variant-pknB-p.Arg451Leu,380,125,480
757139-C-A-missense_variant-atsD-p.Arg335Ser,380,125,480
2191498-G-T-missense_variant-ephB-p.Gly158Trp,379,125,479
657142-C-T-missense_variant-Rv0565c-p.Arg110His,380,125,480
3778396-C-T-intragenic_variant-gene223-,380,125,480
11820-C-G-intergenic_region-alaT-Rv0008c-,380,125,479
866051-G-A-missense_variant-ggtA-p.Arg447Cys,381,125,480
2673818-C-G-missense_variant-mbtB-p.Val674Leu,380,125,480
1285001-A-C-missense_variant-pimE-p.Thr4Pro,380,125,479
37305-C-G-missense_variant-fadD34-p.Ser16Trp,380,124,480
1643864-T-C-missense_variant-Rv1458c-p.Thr133Ala,380,125,480
628864-T-C-missense_variant-Rv0537c-p.Thr290Ala,381,125,480
2955957-A-C-missense_variant-Rv2629-p.Asp64Ala,380,125,480
230170-C-T-missense_variant-Rv0194-p.Pro1098Leu,380,125,480
721373-T-G-missense_variant-recD-p.Glu120Asp,380,124,480
3612813-T-C-missense_variant-kefB-p.Thr102Ala,380,125,480
1071966-A-G-missense_variant-Rv0959-p.Asn238Asp,381,125,480
696917-G-T-intragenic_variant-gene223-,381,125,480
2185674-A-G-missense_variant-fadE17-p.Ile172Thr,381,125,480
353365-G-A-missense_variant-eccD3-p.Ala95Thr,381,124,479
1168776-T-G-intragenic_variant-gene223-,380,125,480
1028217-G-A-missense_variant-Rv0922-p.Gly178Asp,381,125,480
1034758-C-T-intragenic_variant-gene223-,380,125,479
63146-G-T-intergenic_region-dnaB-Rv0059-,380,125,480
3238119-CGTGGTG-CGTG-conservative_inframe_deletion-Rv2923c-p.Thr126del,381,125,480
1175343-C-T-intragenic_variant-gene223-,379,125,480
2546684-C-A-missense_variant-mazF8-p.Gly41Val,380,125,480
2548700-C-T-missense_variant-cyp121-p.His318Tyr,379,124,480
2551576-C-G-intragenic_variant-gene223-,380,125,480
996205-T-C-missense_variant-Rv0893c-p.Lys31Glu,391,125,480
2551577-T-C-intragenic_variant-gene223-,380,125,480
2153725-CTCATCCCCGTCTCGTCATCCCCGTCTCGTC-CTCATCCCCGTCTCGTC-frameshift_variant-Rv1907c-p.Asp48fs,378,125,480
3674157-T-A-missense_variant-pcd-p.Cys186Ser,380,125,480
28366-ATT-AT-frameshift_variant-Rv0024-p.Tyr3fs,379,125,476
916685-CGGAG-CG-conservative_inframe_deletion-Rv0823c-p.Leu320del,381,125,480
3847237-G-T-missense_variant-PPE59-p.Ala25Ser,380,124,479
1413129-CGGGGGG-CGGGGG-intragenic_variant-gene223-,379,125,480
3847238-C-T-missense_variant-PPE59-p.Ala25Val,381,125,479
2241031-AGG-AG-frameshift_variant-ctpF-p.Gly292fs,379,125,480
1252053-AGG-AG-frameshift_variant-Rv1128c-p.Leu307fs,380,125,478
4407927-T-G-missense_variant-gid-p.Glu92Asp,385,125,486
3754508-G-C-missense_variant-Rv3349c-p.Leu244Val,380,124,480
4379044-CGGGGG-CGGGG-frameshift_variant-eccC2-p.Arg470fs,381,125,480
336380-A-T-intragenic_variant-gene223-,382,124,479
507028-GCCCCCC-GCCCCC-intragenic_variant-gene223-,380,125,480
3762013-A-C-missense_variant-PPE56-p.Leu1697Arg,382,124,480
2381572-ACCCCC-ACCCC-frameshift_variant-PPE37-p.Ser170fs,380,125,477
2614909-GCC-GC-frameshift_variant-mmpL9-p.Gly74fs,380,125,480
3761016-GCCCCCC-GCCCCC-frameshift_variant-PPE56-p.Gly2029fs,379,125,480
3156201-CGGG-CGGGG-frameshift_variant-cobB-p.Gly441fs,378,125,476
2980861-A-G-intragenic_variant-gene223-,380,125,480
3842463-TAAA-TAA-frameshift_variant-PPE57-p.Lys76fs,378,124,468
1756358-CGGG-CGG-frameshift_variant-plsB1-p.Gly306fs,380,125,480
3847235-C-T-missense_variant-PPE59-p.Ser24Phe,379,124,479
1696671-CAAAAA-CAAAA-intragenic_variant-gene223-,379,125,476
3987370-CGG-CG-intragenic_variant-gene223-,381,125,480
1368322-CGG-CGGG-frameshift_variant-Rv1225c-p.Gly134fs,377,125,480
3743656-G-A-intragenic_variant-gene223-,380,126,479
336405-A-G-intragenic_variant-gene223-,383,124,478
4264381-G-GC-intergenic_region-clp6-fbpD-,380,125,479
336403-C-G-intragenic_variant-gene223-,383,125,477
336400-C-G-intragenic_variant-gene223-,383,125,478
4305063-GAAA-GAAAA-frameshift_variant-Rv3830c-p.Ser208fs,379,125,480
68337-TC-TCC-frameshift_variant-Rv0063-p.Met473fs,381,125,480
2867575-T-C-missense_variant-lppB-p.Val151Ala,381,125,479
3380534-A-G-intragenic_variant-gene223-,330,120,465
336590-G-C-missense_variant-PE_PGRS4-p.Ile828Met,382,124,478
336540-G-T-intragenic_variant-gene223-,384,127,479
336504-G-T-intragenic_variant-gene223-,388,125,480
336592-T-G-missense_variant-PE_PGRS4-p.Ile828Leu,385,124,476
336535-T-G-intragenic_variant-gene223-,383,126,479
336537-T-G-intragenic_variant-gene223-,384,126,479
2866882-G-A-missense_variant-lppA-p.Ala139Thr,382,125,479
2866876-A-G-missense_variant-lppA-p.Ile137Val,381,125,480
336546-T-G-intragenic_variant-gene223-,385,126,479
3811672-G-T-intragenic_variant-gene223-,395,125,480
2866880-C-T-missense_variant-lppA-p.Ala138Val,381,125,480
4060588-T-C-missense_variant-esxW-p.Thr2Ala,388,125,480
2867347-A-G-missense_variant-lppB-p.Gln75Arg,381,126,480
2338811-A-G-missense_variant-Rv2082-p.Lys35Glu,393,125,480
4001622-T-C-intragenic_variant-gene223-,391,125,479
2866607-G-A-missense_variant-lppA-p.Gly47Asp,393,125,480
3894732-A-G-missense_variant-PPE60-p.Arg103Gly,389,126,480
3732344-G-A-missense_variant-PPE54-p.Ala1531Val,390,37,378
3446699-C-G-missense_variant-Rv3081-p.Phe220Leu,385,125,480
162151-GTTTTT-GTTTT-frameshift_variant-ephF-p.Phe129fs,404,125,477
2867298-C-A-missense_variant-lppB-p.His59Asn,383,125,479
1165114-C-T-missense_variant-Rv1041c-p.Asp108Asn,353,116,418
2626018-T-C-missense_variant-esxO-p.Glu52Gly,404,128,481
3730616-G-A-missense_variant-PPE54-p.Ala2107Val,378,111,452
3135951-G-C-missense_variant-Rv2828c-p.Ser128Trp,220,122,197
1340208-G-A-missense_variant-PPE18-p.Arg287Gln,384,127,481
3883796-G-T-missense_variant-Rv3466-p.Arg91Leu,304,126,125
338845-C-T-missense_variant-PE_PGRS4-p.Val77Met,435,123,485
338844-A-G-missense_variant-PE_PGRS4-p.Val77Ala,437,123,484
485810-CAAA-CAA-frameshift_variant-pks6-p.Asn28fs,508,124,477
1638364-C-T-intragenic_variant-gene223-,392,124,470
3870010-A-G-missense_variant-mycP4-p.Thr87Ala,512,122,479
3115384-G-C-intragenic_variant-gene223-,513,125,480
2173860-A-C-intragenic_variant-gene223-,514,125,480
4314800-G-A-missense_variant-glpQ1-p.His255Tyr,514,124,480
1849-C-A-intergenic_region-dnaA-dnaN-,512,125,480
2138453-C-T-non_coding_transcript_variant-gene223-,514,125,479
2697489-C-T-missense_variant-subI-p.Ala76Thr,513,125,480
4262388-C-T-missense_variant-fadD32-p.Gly227Ser,514,124,480
2729058-A-C-missense_variant-Rv2433c-p.Leu26Arg,514,125,480
2221584-G-C-missense_variant-Rv1978-p.Ser226Thr,514,125,479
4170739-G-C-missense_variant-Rv3725-p.Val176Leu,513,125,480
2562644-G-T-missense_variant-lppO-p.Ala16Ser,513,123,479
2884068-A-C-missense_variant-glnQ-p.Met243Leu,513,125,479
2244421-G-T-missense_variant-Rv1999c-p.Leu240Met,511,124,481
2601576-T-G-missense_variant-PE23-p.Ser282Arg,514,125,480
1099058-G-A-intragenic_variant-gene223-,514,124,479
3821845-G-T-missense_variant-Rv3402c-p.Ala16Glu,513,125,480
4169852-G-T-intergenic_region-Rv3723-Rv3725-,514,125,480
903537-G-T-missense_variant-purF-p.Arg476Leu,513,125,480
876141-G-T-intragenic_variant-gene223-,514,125,480
2023628-C-G-missense_variant-cyp143-p.Gly334Ala,514,125,480
2187587-G-C-missense_variant-Rv1936-p.Gln68His,514,125,480
2344246-G-C-intragenic_variant-gene223-,515,125,480
2003827-A-C-missense_variant-Rv1769-p.Asp401Ala,514,125,480
1593331-G-A-intragenic_variant-gene223-,514,125,479
49360-C-T-missense_variant-Rv0045c-p.Val194Ile,513,125,480
3316955-A-C-missense_variant-purU-p.Met143Leu,514,125,480
396199-T-C-intragenic_variant-gene223-,514,125,480
3653988-G-A-missense_variant-Rv3272-p.Val181Met,514,125,480
1498951-G-T-missense_variant-dinG-p.Thr80Lys,515,125,479
105736-T-C-missense_variant-PPE1-p.Val138Ala,513,125,480
1595342-T-C-missense_variant-uvrC-p.Val434Ala,514,125,480
49690-GCCC-GC-frameshift_variant-Rv0045c-p.Gly83fs,514,124,480
4322039-ACC-AC-frameshift_variant-Rv3847-p.Ala169fs,513,124,480
1215104-ATT-AT-intragenic_variant-gene223-,515,125,480
2122395-C-T-missense_variant-lldD2-p.Val253Met,480,125,493
4053050-A-G-intragenic_variant-gene223-,361,126,127
3732525-A-T-missense_variant-PPE54-p.Phe1471Ile,654,91,243
75233-C-A-intergenic_region-Rv0067c-Rv0068-,515,125,480
105007-C-G-missense_variant-Rv0095c-p.Ser70Thr,522,177,474
2975227-T-G-missense_variant-Rv2650c-p.Asn3Thr,520,126,479
2867263-G-A-missense_variant-lppB-p.Gly47Asp,507,124,478
3135912-G-C-missense_variant-Rv2828c-p.Thr141Arg,374,169,341
2626513-T-A-missense_variant-esxP-p.Thr3Ser,621,124,471
4254290-T-G-missense_variant-Rv3798-p.Leu433Arg,580,181,481
3194241-CG-CGG-frameshift_variant-Rv2885c-p.Gly438fs,248,127,131
2339255-A-G-missense_variant-Rv2082-p.Thr183Ala,440,127,481
2331789-G-T-missense_variant-Rv2075c-p.Pro364Gln,520,126,481
3296371-GCCGCGGCCC-GCCGCGGCCCGCGGCCC-frameshift_variant-pks15-p.Arg491fs,515,124,478
2983095-A-G-intragenic_variant-gene223-,492,134,476
2632341-CAAAA-CAAAAA-intragenic_variant-gene223-,476,125,481
2720954-G-A-missense_variant-Rv2424c-p.Thr275Ile,557,127,467
2209465-G-A-missense_variant-mce3A-p.Ala47Thr,526,126,481
3381641-G-T-missense_variant-Rv3023c-p.Gln328Lys,815,45,164
3529067-G-C-missense_variant-PPE53-p.Arg33Gly,604,127,480
1096567-A-G-intragenic_variant-gene223-,608,131,476
340132-G-A-missense_variant-PPE3-p.Glu257Lys,726,130,482
3794867-CC-CCAC-intragenic_variant-gene223-,517,127,480
1341624-G-T-missense_variant-Rv1199c-p.Gln328Lys,812,40,164
2421975-G-GGGAA-non_coding_transcript_variant-gene223-,504,124,470
1699849-G-A-missense_variant-Rv1508c-p.Pro16Ser,529,128,481
1716472-A-G-missense_variant-mmpL12-p.Ser381Pro,528,127,480
2342649-AG-AGGCGTACACACG-frameshift_variant-Rv2084-p.Ser282fs,528,128,481
2413246-C-A-missense_variant-murG-p.Val36Leu,511,123,476
2566766-CG-CGG-intragenic_variant-gene223-,520,127,471
2724180-TCACGATCGGGTCTCCTCTAGCACGATCGGGTCTCCTCTAGC-TCACGATCGGGTCTCCTCTAGC-intragenic_variant-gene223-,525,128,478
2421816-A-G-non_coding_transcript_variant-gene223-,516,127,477
3133055-G-C-missense_variant-Rv2825c-p.Ser162Trp,520,127,480
2050822-G-C-missense_variant-PPE32-p.Gly301Ala,521,124,478
1540141-T-C-missense_variant-Rv1367c-p.Ile169Val,527,128,481
3480789-T-C-missense_variant-Rv3114-p.Ser11Pro,527,128,481
194305-C-CGG-frameshift_variant-mce1R-p.Gly171fs,525,128,481
1546703-C-T-missense_variant-Rv1373-p.Pro231Leu,527,127,481
713310-T-C-missense_variant-galK-p.Cys199Arg,526,127,479
1104690-T-G-missense_variant-Rv0987-p.Phe717Val,525,128,480
1839759-G-C-missense_variant-Rv1634-p.Gly198Arg,522,127,481
4056416-C-A-intragenic_variant-gene223-,527,128,481
2199052-C-G-missense_variant-Rv1948c-p.Gly5Arg,527,128,480
3466919-C-G-missense_variant-lipY-p.Gly58Ala,528,128,481
4313128-C-T-missense_variant-Rv3839-p.Pro122Ser,526,128,481
3895727-C-A-intragenic_variant-gene223-,529,127,480
4384007-C-G-intergenic_region-Rv3898c-Rv3899c-,528,128,481
2925962-T-C-missense_variant-vapC40-p.Cys77Arg,528,128,481
4179089-C-T-missense_variant-Rv3729-p.Pro269Ser,528,127,481
4383655-A-G-stop_lost&splice_region_variant-Rv3898c-p.Ter111Glnext*?,529,128,481
2328543-T-C-missense_variant-cobM-p.Ile145Met,527,127,481
4408923-C-T-intergenic_region-Rv3920c-Rv3921c-,529,128,480
3893480-G-A-intragenic_variant-gene223-,527,128,481
3530955-C-G-missense_variant-Rv3161c-p.Val62Leu,528,128,481
4329782-G-A-intergenic_region-Rv3857c-gltD-,527,128,481
123520-T-C-missense_variant-Rv0104-p.Tyr402His,528,128,481
3031168-A-G-missense_variant-Rv2719c-p.Tyr124His,525,128,481
2369186-G-C-missense_variant-prcA-p.Arg182Gly,528,128,481
1230778-G-A-missense_variant-mazF3-p.Thr65Ile,528,128,481
42281-C-A-missense_variant-Rv0039c-p.Cys24Phe,527,128,478
249522-T-C-missense_variant-Rv0209-p.Val162Ala,529,128,481
2619271-T-C-intragenic_variant-gene223-,528,128,481
4005114-G-C-missense_variant-fadE32-p.Trp275Ser,524,128,480
15117-C-G-missense_variant-trpG-p.Ile68Met,528,128,480
1107940-A-C-missense_variant-Rv0990c-p.Ser54Ala,529,125,480
1367484-T-G-missense_variant-tatB-p.Trp8Gly,528,128,481
2260100-C-T-intragenic_variant-gene223-,528,128,481
584171-T-C-missense_variant-Rv0493c-p.Ser174Gly,527,127,481
251575-G-A-missense_variant-Rv0210-p.Ala486Thr,528,127,480
342146-A-C-missense_variant-eccA3-p.Glu6Ala,528,128,480
4215484-G-C-missense_variant-Rv3770c-p.Pro98Ala,528,127,481
4107074-T-C-missense_variant-dppA-p.Gln4Arg,529,128,481
2791098-C-T-missense_variant-Rv2484c-p.Gly466Asp,527,128,481
3638093-G-A-missense_variant-pmmA-p.Ser206Leu,528,127,481
3420825-A-G-missense_variant-cyp136-p.Asp445Gly,527,128,481
3454263-C-G-missense_variant-Rv3087-p.Leu447Val,528,128,481
2108890-A-C-intragenic_variant-gene223-,528,128,481
934611-G-T-intragenic_variant-gene223-,528,128,481
1248382-A-G-missense_variant-Rv1125-p.Ser101Gly,528,128,480
1054784-C-G-missense_variant-Rv0945-p.Arg180Gly,528,128,481
1859559-C-A-missense_variant-pheS-p.Ala276Asp,528,128,481
2010614-G-A-intragenic_variant-gene223-,524,128,481
392261-T-C-stop_lost&splice_region_variant-Rv0325-p.Ter75Glnext*?,526,128,481
517358-T-C-missense_variant-Rv0428c-p.Asp149Gly,528,128,481
4156503-C-T-missense_variant-dnaQ-p.Gly76Asp,528,128,480
3112877-G-A-missense_variant-Rv2804c-p.Ala73Val,528,128,481
492150-G-C-missense_variant-pta-p.Gly122Ala,528,128,481
3510120-T-G-missense_variant-PPE52-p.Lys400Gln,526,128,481
3079877-A-G-missense_variant-PPE44-p.Phe194Ser,528,127,481
3690016-A-G-missense_variant-lpdA-p.Leu308Ser,523,127,481
1211369-A-C-missense_variant-Rv1086-p.Ser259Arg,528,128,481
3335708-G-C-missense_variant-Rv2979c-p.Pro14Arg,528,128,480
1351172-A-G-intragenic_variant-gene223-,528,128,480
2154724-C-A-missense_variant-katG-p.Arg463Leu,526,128,481
670545-G-A-missense_variant-Rv0576-p.Arg233His,527,128,480
4089058-T-C-missense_variant-Rv3649-p.Leu93Pro,528,128,480
820752-C-T-missense_variant-serA2-p.Arg242His,524,128,481
847995-T-C-intragenic_variant-gene223-,527,127,481
2388641-G-A-missense_variant-ansP1-p.Gly9Asp,529,128,481
2988630-C-G-missense_variant-Rv2672-p.His317Asp,527,128,481
70267-G-T-missense_variant-Rv0064-p.Val550Phe,526,128,481
1608276-A-C-missense_variant-Rv1431-p.Asn65Thr,528,128,481
2167926-A-G-missense_variant-PPE35-p.Leu896Ser,527,128,481
688792-TGGGG-TGGGGG-intragenic_variant-gene223-,526,128,477
2158109-T-C-missense_variant-fadB5-p.Asp328Gly,526,128,481
4112429-T-C-missense_variant-Rv3671c-p.Ile363Val,528,128,480
3180988-C-A-missense_variant-rip-p.Val259Phe,527,128,481
1148259-A-G-intragenic_variant-gene223-,528,128,481
1931718-G-C-missense_variant-PPE22-p.Leu313Val,528,128,481
2807486-C-A-missense_variant-Rv2492-p.Ala70Asp,528,128,481
1024346-A-G-missense_variant-Rv0918-p.Ser46Gly,528,128,481
143207-T-C-missense_variant-oxcA-p.Ser224Gly,529,128,481
3326554-A-C-missense_variant-Rv2971-p.Asn152His,528,128,481
3027798-T-C-missense_variant-Rv2714-p.Val245Ala,529,128,481
2122976-C-G-missense_variant-lldD2-p.Gly59Ala,525,128,481
2841022-A-G-missense_variant-fas-p.Cys2771Arg,528,128,480
757182-A-G-missense_variant-atsD-p.Asp349Gly,527,128,481
2470591-A-C-intragenic_variant-gene223-,528,127,481
199470-T-G-missense_variant-mce1A-p.Ser313Ala,528,128,481
555991-A-G-missense_variant-Rv0465c-p.Cys106Arg,528,128,481
1254562-A-G-missense_variant-prpD-p.Asp3Gly,528,128,481
1098523-T-A-missense_variant-mprB-p.Leu339His,528,128,481
655986-T-G-intragenic_variant-gene223-,528,128,481
1281771-T-C-missense_variant-Rv1155-p.Ser115Pro,527,128,481
3003115-C-G-missense_variant-arsB1-p.Ala378Gly,528,128,481
1490905-A-G-missense_variant-glgB-p.Ser470Pro,528,128,481
3174496-A-G-missense_variant-Rv2862c-p.Cys50Arg,528,128,481
4028752-A-G-missense_variant-Rv3586-p.Thr288Ala,528,127,481
4008747-A-G-missense_variant-hsaB-p.Ile179Thr,528,127,481
3010420-A-G-missense_variant-ceoC-p.Ile133Val,528,128,481
659341-T-C-intragenic_variant-gene223-,528,128,481
4170964-G-GA-frameshift_variant-Rv3725-p.Gly251fs,527,127,481
960367-A-G-missense_variant-Rv0862c-p.Leu749Ser,528,128,481
2740693-T-C-intragenic_variant-gene223-,528,128,481
776100-G-A-missense_variant-mmpL5-p.Thr794Ile,527,128,481
1390763-C-T-missense_variant-Rv1248c-p.Val764Met,526,128,480
934230-C-G-intragenic_variant-gene223-,528,128,481
2448458-C-T-missense_variant-fadD15-p.Thr100Ile,528,128,481
3331361-ACGCGCGC-ACGCGC-frameshift_variant-Rv2975c-p.Arg84fs,529,128,480
3909235-G-C-missense_variant-otsA-p.Val334Leu,528,128,481
1479085-T-C-missense_variant-alkA-p.Ile12Val,528,128,480
1144585-A-G-missense_variant-eno-p.Arg8Gly,528,128,480
1080192-G-A-missense_variant-ctpV-p.Asp484Asn,528,128,481
941845-C-A-missense_variant-Rv0845-p.Ala219Glu,528,128,481
505974-G-A-missense_variant-lpqM-p.Ala297Thr,527,128,481
445780-C-T-missense_variant-Rv0368c-p.Arg249His,529,127,481
1365837-CGGGG-CGGGGGG-intragenic_variant-gene223-,540,128,481
3610391-A-AC-frameshift_variant-tgs3-p.Ser267fs,525,128,480
932280-T-C-stop_lost&splice_region_variant-Rv0836c-p.Ter218Trpext*?,527,128,480
830868-GGCGCGCGCG-GGCGCGCGCGCG-frameshift_variant-Rv0739-p.Glu9fs,527,128,481
1273250-G-GA-frameshift_variant-Rv1145-p.Leu277fs,526,126,481
2564368-GC-GCC-frameshift_variant-Rv2293c-p.Ala222fs,528,127,479
230576-GT-GTT-intergenic_region-Rv0194-Rv0195-,523,128,480
1090188-AGGG-AGGGG-intragenic_variant-gene223-,528,128,482
3750187-A-T-missense_variant-PPE55-p.Ser1000Thr,527,129,483
3750177-A-T-missense_variant-PPE55-p.Phe1003Tyr,526,126,483
3750188-C-G-missense_variant-PPE55-p.Met999Ile,527,129,483
3750178-A-C-missense_variant-PPE55-p.Phe1003Val,526,128,483
3750193-G-A-missense_variant-PPE55-p.Leu998Phe,528,129,483
3750210-T-G-missense_variant-PPE55-p.Asn992Thr,526,128,483
3750205-C-T-missense_variant-PPE55-p.Asp994Asn,529,131,483
3750421-T-C-missense_variant-PPE55-p.Ser922Gly,527,128,482
3750417-A-T-missense_variant-PPE55-p.Phe923Tyr,528,127,483
1160770-T-A-missense_variant-esxI-p.Gln20Leu,578,128,480
1096508-C-G-intragenic_variant-gene223-,457,136,299
1096510-T-C-intragenic_variant-gene223-,458,136,305
24698-GCCGCGTTGCTCGGGGTAACCGCGTTGCTCGGGGTAACCGC-GCCGCGTTGCTCGGGGTAACCGC-conservative_inframe_deletion-fhaA-p.Gly237_Arg242del,750,128,477
1792777-T-C-missense_variant-Rv1592c-p.Ile322Val,729,130,484
1164336-G-A-intragenic_variant-gene223-,729,129,483
2637541-C-T-intragenic_variant-gene223-,772,130,484
483935-T-G-intragenic_variant-gene223-,772,129,483
1894422-A-G-non_coding_transcript_variant-gene223-,777,130,484
51949-A-G-missense_variant-Rv0048c-p.Val250Ala,773,130,483
1709432-C-T-missense_variant-Rv1517-p.Leu188Phe,778,130,484
2737572-C-A-missense_variant-proB-p.Ala226Ser,774,129,481
4366195-T-C-missense_variant-eccA2-p.Glu215Gly,779,129,484
4357597-C-G-missense_variant-espK-p.Cys729Ser,778,129,484
3874722-ATTT-ATT-non_coding_transcript_variant-gene223-,769,130,482
3621423-A-G-intragenic_variant-gene223-,778,130,484
50557-T-C-missense_variant-ino1-p.Arg190Gly,777,130,483
712693-A-G-intragenic_variant-gene223-,779,129,484
2642383-C-T-missense_variant-Rv2360c-p.Ala66Thr,778,130,484
4223172-T-C-missense_variant-Rv3777-p.Val160Ala,778,130,484
3037377-T-C-intragenic_variant-gene223-,777,130,484
3078178-C-T-missense_variant-PE27-p.Val270Met,776,130,482
1362006-T-C-missense_variant-Rv1218c-p.Gln243Arg,777,130,484
4393178-A-G-intergenic_region-pcnA-mutT4-,778,130,484
2608117-C-A-missense_variant-stp-p.Asp69Tyr,778,129,483
2578626-A-G-missense_variant-Rv2307c-p.Met24Thr,778,130,484
2516567-G-C-intragenic_variant-gene223-,779,130,484
1252164-T-C-missense_variant-Rv1128c-p.Glu270Gly,778,130,484
524891-C-A-missense_variant-pssA-p.Gly167Val,778,130,484
391853-A-G-missense_variant-Rv0324-p.Thr168Ala,779,130,484
3069167-A-G-missense_variant-hsdM-p.Leu306Pro,777,130,484
1627351-T-C-missense_variant-tal-p.Thr244Ala,778,130,484
1251199-C-T-missense_variant-ppdK-p.Gly69Glu,778,130,484
1275957-T-C-intragenic_variant-gene223-,778,130,484
565655-A-G-intragenic_variant-gene223-,777,130,483
2074754-C-T-intragenic_variant-gene223-,778,130,484
767414-G-A-intragenic_variant-gene223-,778,130,484
2589216-G-C-missense_variant-uspA-p.Val127Leu,778,130,484
2160998-G-A-missense_variant-aceAa-p.Gly179Asp,776,130,484
2369326-C-G-missense_variant-prcA-p.Arg135Pro,778,130,484
3480474-G-A-missense_variant-Rv3113-p.Gly134Glu,778,130,486
293628-ACCCCC-ACCCCCC-intragenic_variant-gene223-,780,130,484
2161343-GTTTT-GTTTTT-frameshift_variant-aceAa-p.Thr296fs,774,130,484
1365837-CGGGG-CGGGGG-intragenic_variant-gene223-,1119,71,185
2358029-TGG-TGGG-intragenic_variant-gene223-,895,180,482
3730466-A-G-missense_variant-PPE54-p.Ile2157Thr,990,171,519
104712-C-T-intergenic_region-Rv0094c-Rv0095c-,1126,143,310
3842620-A-G-missense_variant-PPE57-p.Thr128Ala,919,190,508
3844756-GCCCCC-GCCCC-frameshift_variant-Rv3428c-p.Gly405fs,886,190,501
3843407-CGGGGG-CGGGG-frameshift_variant-PPE58-p.Gly126fs,925,192,505
854252-GCCCCCCCCC-GCCCCCCCC-intragenic_variant-gene223-,917,194,308
3844992-T-A-missense_variant-Rv3428c-p.Ser327Cys,955,191,514
3379757-A-C-intragenic_variant-gene223-,1148,194,662
3379763-G-A-intragenic_variant-gene223-,1149,194,663
3379784-C-A-intragenic_variant-gene223-,1151,195,663
3379788-C-G-intragenic_variant-gene223-,1147,195,663
1468208-A-C-missense_variant-Rv1313c-p.Leu433Arg,1448,196,497
2300546-A-T-missense_variant-pks12-p.His2147Gln,1405,195,500
2265059-T-G-intragenic_variant-gene223-,1308,196,342
2660319-C-G-missense_variant-mbtF-p.Glu589Asp,1550,195,666
3247316-C-G-missense_variant-ppsA-p.Asp624Glu,1512,200,668
1313337-A-AG-intragenic_variant-gene223-,1509,144,659
3162805-C-G-missense_variant-PE_PGRS48-p.Arg180Gly,1503,188,656
3798095-A-C-missense_variant-idsB-p.Val132Gly,1551,195,667
2143328-G-C-missense_variant-Rv1895-p.Val270Leu,1522,201,668
2704884-AC-ACAGCGACCATATCGCCGAGCTC-conservative_inframe_insertion-Rv2407-p.His63_Gly64insSerAspHisIleAlaGluLeu,1518,192,657
4375628-G-T-missense_variant-PPE69-p.Thr19Lys,1593,198,665
2509140-G-C-missense_variant-cobD-p.Ser79Cys,1505,191,653
2264782-C-A-missense_variant-Rv2017-p.Ala262Glu,1392,201,342
2133468-TTCGCAT-TTCGCATGCCGTCACCTCGCAT-conservative_inframe_insertion-Rv1883c-p.Val73_Cys74insCysGluValThrAla,1545,196,666
630722-G-C-missense_variant-Rv0538-p.Arg228Pro,1553,195,666
3885886-T-C-missense_variant-rmlB3-p.Ile62Val,1556,196,667
3473996-GA-GAA-intragenic_variant-gene223-,1553,196,665
4338732-G-A-intergenic_region-whiB6-Rv3863-,1557,196,667
3131469-TTGT-TTGTCGGCGATGT-conservative_inframe_insertion-Rv2823c-p.Tyr101_Asn102insIleAlaAsp,1558,196,667
4198611-CGGGGG-CGGGG-intergenic_region-Rv3750c-serX-,1555,196,667
1854300-T-C-missense_variant-tsnR-p.Leu232Pro,1554,196,665
3556275-A-G-missense_variant-Rv3190c-p.Leu138Pro,1555,196,667
1413148-C-T-intragenic_variant-gene223-,1554,196,667
1075279-T-C-intragenic_variant-gene223-,1557,196,667
1087193-G-C-missense_variant-accD2-p.Asn51Lys,1557,196,667
3005185-G-T-missense_variant-Rv2688c-p.Pro156Thr,1554,196,667
1977-A-G-intergenic_region-dnaA-dnaN-,1556,196,667
665293-A-G-missense_variant-Rv0572c-p.Phe31Leu,1556,196,667
2094911-ACAGCGTCAGCGTCAG-ACAGCGTCAG-conservative_inframe_deletion-gnd1-p.Asp89_Ala90del,1556,196,667
1676290-C-A-missense_variant-Rv1486c-p.Lys198Asn,1556,196,667
2329533-A-G-missense_variant-cobL-p.Leu205Pro,1554,194,666
3133536-T-C-missense_variant-Rv2825c-p.Lys2Glu,1557,196,667
2049097-G-C-intragenic_variant-gene223-,1558,196,666
2713795-C-T-intragenic_variant-gene223-,1557,196,667
1070702-T-C-missense_variant-Rv0958-p.Ser274Pro,1557,196,667
3462135-G-C-missense_variant-Rv3093c-p.Cys210Trp,1516,191,652
3336825-T-C-missense_variant-ddlA-p.Thr365Ala,1555,196,667
404326-T-C-missense_variant-Rv0338c-p.Arg506Gly,1557,196,667
1037012-T-C-missense_variant-pstA1-p.Met5Thr,1557,196,667
489935-G-C-missense_variant-pks6-p.Arg1402Pro,1554,196,667
3518167-A-G-missense_variant-nuoG-p.Ile474Met,1555,194,667
945214-G-A-missense_variant-cysK2-p.Gly93Ser,1558,196,667
3864995-T-C-missense_variant-eccC4-p.Ser1082Gly,1556,196,667
3041871-G-T-missense_variant-Rv2729c-p.Ala202Glu,1556,196,667
637319-G-A-missense_variant-pitA-p.Pro49Ser,1557,196,667
3402816-C-T-missense_variant-serB2-p.Gly116Glu,1555,196,667
1798355-G-A-missense_variant-Rv1597-p.Gly21Asp,1556,196,667
2695378-C-G-missense_variant-cysW-p.Gly141Ala,1557,196,667
2135870-T-C-intragenic_variant-gene223-,1556,196,667
4069292-G-A-missense_variant-Rv3630-p.Ala40Thr,1557,196,667
2147022-A-C-missense_variant-lipJ-p.Ile204Met,1557,196,667
3190145-TCCCCCC-TCCCCC-intragenic_variant-gene223-,1557,196,665
880562-G-T-missense_variant-Rv0785-p.Cys408Phe,1558,196,667
1960284-C-A-missense_variant-Rv1733c-p.Gln68His,1558,196,667
1570566-C-A-missense_variant-cyp132-p.Arg135Leu,1558,196,667
4182695-G-A-missense_variant-ligC-p.Arg313His,1557,196,667
1047165-T-C-missense_variant-ligD-p.Cys344Arg,1558,196,667
1630148-A-C-missense_variant-tkt-p.Tyr18Asp,1556,196,667
1804409-C-A-missense_variant-impA-p.Pro124Gln,1558,196,667
1106422-T-C-missense_variant-grcC2-p.Ile321Val,1558,196,667
3009692-A-G-missense_variant-ceoB-p.Thr117Ala,1558,196,667
3958403-A-G-missense_variant-Rv3521-p.Asn295Asp,1556,196,667
9304-G-A-missense_variant-gyrA-p.Gly668Asp,1558,196,667
1200418-A-G-intragenic_variant-gene223-,1558,196,667
7585-G-C-missense_variant-gyrA-p.Ser95Thr,1556,196,667
2296042-G-C-missense_variant-pks12-p.Pro3649Ala,1558,198,666
2888201-T-C-missense_variant-Rv2566-p.Leu610Pro,1558,196,667
1752561-T-C-missense_variant-PPE21-p.Asp258Gly,1560,198,667
1689349-C-T-missense_variant-Rv1498c-p.Arg191His,1561,198,667
2335494-A-G-missense_variant-Rv2079-p.Tyr47Cys,1560,198,667
1693561-A-G-missense_variant-Rv1502-p.Tyr213Cys,1561,198,667
882257-T-C-missense_variant-Rv0787-p.Tyr267His,1561,198,666
2052035-G-T-missense_variant-PPE33-p.Val252Leu,1560,198,667
2499726-G-A-missense_variant-Rv2226-p.Asp299Asn,1562,198,667
2165286-A-C-missense_variant-PPE34-p.Ser676Ala,1613,200,652
2362041-C-A-missense_variant-helZ-p.Pro601Gln,1598,199,667
2752698-C-A-intragenic_variant-gene223-,1604,201,668
2612632-C-A-missense_variant-Rv2337c-p.Gly119Val,1608,201,668
2285251-C-A-missense_variant-Rv2039c-p.Val131Phe,1597,201,665
2881597-AGGGGGG-AGGGGG-non_coding_transcript_variant-gene223-,1642,201,668
1374065-T-C-missense_variant-Rv1230c-p.Ser45Gly,1644,199,668
1482627-T-C-missense_variant-Rv1320c-p.Thr531Ala,1655,201,667
2270102-A-G-missense_variant-Rv2024c-p.Trp47Arg,1654,201,668
986463-G-C-intragenic_variant-gene223-,1654,201,668
3689523-G-T-stop_gained-lpdA-p.Cys472*,1654,201,668
2865760-A-G-missense_variant-Rv2542-p.Thr211Ala,1655,201,668
3704596-G-C-missense_variant-sdhD-p.Val54Leu,1652,201,668
502589-C-G-missense_variant-thiG-p.Ser75Cys,1655,201,668
1375724-A-C-missense_variant-Rv1232c-p.Cys149Gly,1654,201,668
955524-A-G-missense_variant-Rv0859-p.Ser150Gly,1655,201,668
346275-C-G-missense_variant-eccC3-p.Pro214Arg,1655,201,668
1100234-T-C-missense_variant-pepD-p.Leu390Pro,1655,201,668
403980-G-A-missense_variant-Rv0338c-p.Ala621Val,1655,201,668
146087-T-C-missense_variant-fusA2-p.Asn562Ser,1655,201,668
